Race,District,Winner,Dem?,Rep?,Other?,Dem Votes,Rep Votes,Other Votes,year,chamber,district_id,is_contested
State House 2012,District 1,Republican,Yes,Yes,No,16663,21505,,2012,sldl,001,Yes
State House 2012,District 2,Democratic,Yes,Yes,No,20398,15587,,2012,sldl,002,Yes
State House 2012,District 3,Republican,Yes,Yes,No,14320,20811,,2012,sldl,003,Yes
State House 2012,District 4,Republican,Yes,Yes,Yes,9896,20371,1053,2012,sldl,004,Yes
State House 2012,District 5,Democratic,Yes,No,No,27458,,,2012,sldl,005,No
State House 2012,District 6,Democratic,Yes,Yes,No,20756,20298,,2012,sldl,006,Yes
State House 2012,District 7,Democratic,Yes,No,No,27761,,,2012,sldl,007,No
State House 2012,District 8,Republican,Yes,Yes,No,17982,24019,,2012,sldl,008,Yes
State House 2012,District 9,Republican,Yes,Yes,No,18644,19780,,2012,sldl,009,Yes
State House 2012,District 10,Republican,Yes,Yes,No,12270,24475,,2012,sldl,010,Yes
State House 2012,District 11,Democratic,Yes,No,No,27247,,,2012,sldl,011,No
State House 2012,District 12,Democratic,Yes,Yes,No,22064,11443,,2012,sldl,012,Yes
State House 2012,District 13,Republican,No,Yes,Yes,,28416,3752,2012,sldl,013,No
State House 2012,District 14,Republican,No,Yes,No,,15861,,2012,sldl,014,No
State House 2012,District 15,Republican,No,Yes,No,,12111,,2012,sldl,015,No
State House 2012,District 16,Republican,No,Yes,No,,22254,,2012,sldl,016,No
State House 2012,District 17,Republican,Yes,Yes,No,14107,27578,,2012,sldl,017,Yes
State House 2012,District 18,Democratic,Yes,Yes,No,22588,11362,,2012,sldl,018,Yes
State House 2012,District 19,Republican,Yes,Yes,No,15131,22958,,2012,sldl,019,Yes
State House 2012,District 20,Republican,Yes,Yes,No,14179,25282,,2012,sldl,020,Yes
State House 2012,District 21,Democratic,Yes,No,No,25631,,,2012,sldl,021,No
State House 2012,District 22,Democratic,Yes,No,No,21187,,,2012,sldl,022,No
State House 2012,District 23,Democratic,Yes,No,No,30670,,,2012,sldl,023,No
State House 2012,District 24,Democratic,Yes,No,No,28724,,,2012,sldl,024,No
State House 2012,District 25,Republican,Yes,Yes,No,14164,24434,,2012,sldl,025,Yes
State House 2012,District 26,Republican,Yes,Yes,No,15633,23125,,2012,sldl,026,Yes
State House 2012,District 27,Democratic,Yes,No,Yes,29714,,2960,2012,sldl,027,No
State House 2012,District 28,Republican,No,Yes,No,,25169,,2012,sldl,028,No
State House 2012,District 29,Democratic,Yes,No,No,38181,,,2012,sldl,029,No
State House 2012,District 30,Democratic,Yes,No,No,33697,,,2012,sldl,030,No
State House 2012,District 31,Democratic,Yes,No,No,32497,,,2012,sldl,031,No
State House 2012,District 32,Democratic,Yes,Yes,No,27057,11170,,2012,sldl,032,Yes
State House 2012,District 33,Democratic,Yes,No,No,31386,,,2012,sldl,033,No
State House 2012,District 34,Democratic,Yes,No,No,32206,,,2012,sldl,034,No
State House 2012,District 35,Republican,Yes,Yes,No,19778,20435,,2012,sldl,035,Yes
State House 2012,District 36,Republican,Yes,Yes,No,21485,26217,,2012,sldl,036,Yes
State House 2012,District 37,Republican,Yes,Yes,No,18809,24942,,2012,sldl,037,Yes
State House 2012,District 38,Democratic,Yes,No,Yes,29665,,4169,2012,sldl,038,No
State House 2012,District 39,Democratic,Yes,No,No,27585,,,2012,sldl,039,No
State House 2012,District 40,Republican,Yes,Yes,Yes,17541,22613,1828,2012,sldl,040,Yes
State House 2012,District 41,Republican,Yes,Yes,No,20150,21639,,2012,sldl,041,Yes
State House 2012,District 42,Democratic,Yes,Yes,No,23240,6766,,2012,sldl,042,Yes
State House 2012,District 43,Democratic,Yes,Yes,No,23832,10417,,2012,sldl,043,Yes
State House 2012,District 44,Democratic,Yes,Yes,No,17266,13398,,2012,sldl,044,Yes
State House 2012,District 45,Republican,Yes,Yes,No,12532,16208,,2012,sldl,045,Yes
State House 2012,District 46,Democratic,Yes,Yes,No,18160,15431,,2012,sldl,046,Yes
State House 2012,District 47,Democratic,Yes,No,No,18322,,,2012,sldl,047,No
State House 2012,District 48,Democratic,Yes,No,No,27193,,,2012,sldl,048,No
State House 2012,District 49,Republican,Yes,Yes,No,24134,28300,,2012,sldl,049,Yes
State House 2012,District 50,Democratic,Yes,Yes,No,24806,20266,,2012,sldl,050,Yes
State House 2012,District 51,Republican,Yes,Yes,No,14533,15764,,2012,sldl,051,Yes
State House 2012,District 52,Republican,No,Yes,No,,27521,,2012,sldl,052,No
State House 2012,District 53,Republican,Yes,Yes,No,13370,17365,,2012,sldl,053,Yes
State House 2012,District 54,Democratic,Yes,Yes,No,22159,17339,,2012,sldl,054,Yes
State House 2012,District 55,Republican,Yes,Yes,No,14540,18962,,2012,sldl,055,Yes
State House 2012,District 56,Democratic,Yes,Yes,No,35173,10248,,2012,sldl,056,Yes
State House 2012,District 57,Democratic,Yes,No,No,32020,,,2012,sldl,057,No
State House 2012,District 58,Democratic,Yes,Yes,No,32895,8294,,2012,sldl,058,Yes
State House 2012,District 59,Republican,No,Yes,No,,32872,,2012,sldl,059,No
State House 2012,District 60,Democratic,Yes,No,No,27755,,,2012,sldl,060,No
State House 2012,District 61,Republican,Yes,Yes,No,14988,26465,,2012,sldl,061,Yes
State House 2012,District 62,Republican,No,Yes,Yes,,27633,8574,2012,sldl,062,No
State House 2012,District 63,Republican,Yes,Yes,No,14870,19435,,2012,sldl,063,Yes
State House 2012,District 64,Republican,Yes,Yes,No,12721,18296,,2012,sldl,064,Yes
State House 2012,District 65,Republican,Yes,Yes,No,14534,21324,,2012,sldl,065,Yes
State House 2012,District 66,Democratic,Yes,No,No,21569,,,2012,sldl,066,No
State House 2012,District 67,Republican,Yes,Yes,No,13700,22911,,2012,sldl,067,Yes
State House 2012,District 68,Republican,Yes,Yes,No,12200,22811,,2012,sldl,068,Yes
State House 2012,District 69,Republican,No,Yes,No,,23458,,2012,sldl,069,No
State House 2012,District 70,Republican,No,Yes,No,,24642,,2012,sldl,070,No
State House 2012,District 71,Democratic,Yes,Yes,No,23545,6664,,2012,sldl,071,Yes
State House 2012,District 72,Democratic,Yes,Yes,No,26561,9158,,2012,sldl,072,Yes
State House 2012,District 73,Republican,Yes,Yes,No,9659,24076,,2012,sldl,073,Yes
State House 2012,District 74,Republican,Yes,Yes,No,14742,26616,,2012,sldl,074,Yes
State House 2012,District 75,Republican,No,Yes,No,,29073,,2012,sldl,075,No
State House 2012,District 76,Republican,No,Yes,No,,25486,,2012,sldl,076,No
State House 2012,District 77,Republican,Yes,Yes,No,13279,21526,,2012,sldl,077,Yes
State House 2012,District 78,Republican,Yes,Yes,No,8272,24880,,2012,sldl,078,Yes
State House 2012,District 79,Republican,Yes,Yes,No,11859,27749,,2012,sldl,079,Yes
State House 2012,District 80,Republican,Yes,Yes,No,11009,24080,,2012,sldl,080,Yes
State House 2012,District 81,Republican,No,Yes,No,,25775,,2012,sldl,081,No
State House 2012,District 82,Republican,No,Yes,No,,24674,,2012,sldl,082,No
State House 2012,District 83,Republican,Yes,Yes,No,12347,21219,,2012,sldl,083,Yes
State House 2012,District 84,Republican,Yes,Yes,No,12388,23284,,2012,sldl,084,Yes
State House 2012,District 85,Republican,Yes,Yes,No,10077,21895,,2012,sldl,085,Yes
State House 2012,District 86,Republican,Yes,Yes,No,12584,19537,,2012,sldl,086,Yes
State House 2012,District 87,Republican,No,Yes,No,,25757,,2012,sldl,087,No
State House 2012,District 88,Republican,Yes,Yes,No,18106,22081,,2012,sldl,088,Yes
State House 2012,District 89,Republican,No,Yes,No,,25735,,2012,sldl,089,No
State House 2012,District 90,Republican,No,Yes,No,,23153,,2012,sldl,090,No
State House 2012,District 91,Republican,Yes,Yes,No,14334,22417,,2012,sldl,091,Yes
State House 2012,District 92,Republican,Yes,Yes,No,17820,18843,,2012,sldl,092,Yes
State House 2012,District 93,Republican,Yes,Yes,No,18820,20003,,2012,sldl,093,Yes
State House 2012,District 94,Republican,No,Yes,No,,23601,,2012,sldl,094,No
State House 2012,District 95,Republican,No,Yes,No,,27856,,2012,sldl,095,No
State House 2012,District 96,Republican,Yes,Yes,No,12664,21073,,2012,sldl,096,Yes
State House 2012,District 97,Republican,No,Yes,No,,26690,,2012,sldl,097,No
State House 2012,District 98,Republican,No,Yes,No,,27971,,2012,sldl,098,No
State House 2012,District 99,Democratic,Yes,No,No,28282,,,2012,sldl,099,No
State House 2012,District 100,Democratic,Yes,No,No,24217,,,2012,sldl,100,No
State House 2012,District 101,Democratic,Yes,No,No,28653,,,2012,sldl,101,No
State House 2012,District 102,Democratic,Yes,No,No,26802,,,2012,sldl,102,No
State House 2012,District 103,Republican,No,Yes,No,,25477,,2012,sldl,103,No
State House 2012,District 104,Republican,No,Yes,No,,31319,,2012,sldl,104,No
State House 2012,District 105,Republican,No,Yes,No,,27028,,2012,sldl,105,No
State House 2012,District 106,Democratic,Yes,No,No,26577,,,2012,sldl,106,No
State House 2012,District 107,Democratic,Yes,No,No,32275,,,2012,sldl,107,No
State House 2012,District 108,Republican,No,Yes,No,,21933,,2012,sldl,108,No
State House 2012,District 109,Republican,Yes,Yes,No,13618,19772,,2012,sldl,109,Yes
State House 2012,District 110,Republican,Yes,"20,236","1,015","10,465 Yes",Yes,,2012,sldl,110,No
State House 2012,District 111,Republican,No,Yes,No,,22441,,2012,sldl,111,No
State House 2012,District 112,Republican,Yes,Yes,No,12059,19593,,2012,sldl,112,Yes
State House 2012,District 113,Republican,Yes,Yes,No,15055,25663,,2012,sldl,113,Yes
State House 2012,District 114,Democratic,Yes,No,No,34719,,,2012,sldl,114,No
State House 2012,District 115,Republican,Yes,Yes,No,19438,23118,,2012,sldl,115,Yes
State House 2012,District 116,Republican,Yes,Yes,No,16519,21291,,2012,sldl,116,Yes
State House 2012,District 117,Republican,No,Yes,No,,26217,,2012,sldl,117,No
State House 2012,District 118,Republican,Yes,Yes,No,17788,18749,,2012,sldl,118,Yes
State House 2012,District 119,Democratic,Yes,Yes,No,16679,15562,,2012,sldl,119,Yes
State House 2012,District 120,Republican,No,Yes,No,,28903,,2012,sldl,120,No
State House 2014,District 1,Republican,Yes,Yes,No,10082,15713,,2014,sldl,001,Yes
State House 2014,District 2,Republican,Yes,Yes,No,10259,13423,,2014,sldl,002,Yes
State House 2014,District 3,Republican,Yes,Yes,No,10524,14584,,2014,sldl,003,Yes
State House 2014,District 4,Republican,No,Yes,No,,,,2014,sldl,004,No
State House 2014,District 5,Democratic,Yes,Yes,No,14430,6620,,2014,sldl,005,Yes
State House 2014,District 6,Democratic,Yes,Yes,No,16523,14319,,2014,sldl,006,Yes
State House 2014,District 7,Democratic,Yes,No,No,,,,2014,sldl,007,No
State House 2014,District 8,Republican,Yes,Yes,No,10981,17035,,2014,sldl,008,Yes
State House 2014,District 9,Republican,Yes,Yes,No,8957,13474,,2014,sldl,009,Yes
State House 2014,District 10,Republican,No,Yes,No,,,,2014,sldl,010,No
State House 2014,District 11,Democratic,Yes,Yes,No,14799,9268,,2014,sldl,011,Yes
State House 2014,District 12,Democratic,Yes,No,No,,,,2014,sldl,012,No
State House 2014,District 13,Republican,Yes,Yes,No,8659,19946,,2014,sldl,013,Yes
State House 2014,District 14,Republican,No,Yes,No,,,,2014,sldl,014,No
State House 2014,District 15,Republican,No,Yes,No,,,,2014,sldl,015,No
State House 2014,District 16,Republican,Yes,Yes,No,7091,14049,,2014,sldl,016,Yes
State House 2014,District 17,Republican,Yes,Yes,No,10251,20945,,2014,sldl,017,Yes
State House 2014,District 18,Democratic,Yes,No,No,,,,2014,sldl,018,No
State House 2014,District 19,Republican,No,Yes,No,,,,2014,sldl,019,No
State House 2014,District 20,Republican,Yes,Yes,No,10252,16844,,2014,sldl,020,Yes
State House 2014,District 21,Democratic,Yes,No,No,,,,2014,sldl,021,No
State House 2014,District 22,Democratic,Yes,Yes,No,12208,11274,,2014,sldl,022,Yes
State House 2014,District 23,Democratic,Yes,No,No,,,,2014,sldl,023,No
State House 2014,District 24,Democratic,Yes,No,No,,,,2014,sldl,024,No
State House 2014,District 25,Republican,Yes,Yes,No,8990,19163,,2014,sldl,025,Yes
State House 2014,District 26,Republican,No,Yes,No,,,,2014,sldl,026,No
State House 2014,District 27,Democratic,Yes,No,No,,,,2014,sldl,027,No
State House 2014,District 28,Republican,No,Yes,No,,,,2014,sldl,028,No
State House 2014,District 29,Democratic,Yes,No,No,,,,2014,sldl,029,No
State House 2014,District 30,Democratic,Yes,No,No,,,,2014,sldl,030,No
State House 2014,District 31,Democratic,Yes,Yes,No,20745,2780,,2014,sldl,031,Yes
State House 2014,District 32,Democratic,Yes,No,No,,,,2014,sldl,032,No
State House 2014,District 33,Democratic,Yes,Yes,No,18552,2707,,2014,sldl,033,Yes
State House 2014,District 34,Democratic,Yes,No,No,,,,2014,sldl,034,No
State House 2014,District 35,Republican,Yes,Yes,No,12336,15891,,2014,sldl,035,Yes
State House 2014,District 36,Republican,Yes,Yes,No,16097,19159,,2014,sldl,036,Yes
State House 2014,District 37,Republican,No,Yes,No,,,,2014,sldl,037,No
State House 2014,District 38,Democratic,Yes,Yes,No,17883,4498,,2014,sldl,038,Yes
State House 2014,District 39,Democratic,Yes,No,No,,,,2014,sldl,039,No
State House 2014,District 40,Republican,Yes,Yes,No,13567,16120,,2014,sldl,040,Yes
State House 2014,District 41,Democratic,Yes,Yes,No,15160,14383,,2014,sldl,041,Yes
State House 2014,District 42,Democratic,Yes,No,No,,,,2014,sldl,042,No
State House 2014,District 43,Democratic,Yes,No,No,,,,2014,sldl,043,No
State House 2014,District 44,Democratic,Yes,Yes,No,10171,9200,,2014,sldl,044,Yes
State House 2014,District 45,Republican,No,Yes,No,,,,2014,sldl,045,No
State House 2014,District 46,Democratic,Yes,Yes,No,11551,10073,,2014,sldl,046,Yes
State House 2014,District 47,Democratic,Yes,No,No,,,,2014,sldl,047,No
State House 2014,District 48,Democratic,Yes,No,No,,,,2014,sldl,048,No
State House 2014,District 49,Republican,Yes,Yes,No,19290,20588,,2014,sldl,049,Yes
State House 2014,District 50,Democratic,Yes,Yes,No,18574,13920,,2014,sldl,050,Yes
State House 2014,District 51,Democratic,Yes,Yes,No,10755,9182,,2014,sldl,051,Yes
State House 2014,District 52,Republican,No,Yes,No,,,,2014,sldl,052,No
State House 2014,District 53,Republican,Yes,Yes,No,8707,10966,,2014,sldl,053,Yes
State House 2014,District 54,Democratic,Yes,Yes,No,16875,13156,,2014,sldl,054,Yes
State House 2014,District 55,Republican,Yes,Yes,No,8698,12484,,2014,sldl,055,Yes
State House 2014,District 56,Democratic,Yes,Yes,No,25601,5932,,2014,sldl,056,Yes
State House 2014,District 57,Democratic,Yes,No,No,,,,2014,sldl,057,No
State House 2014,District 58,Democratic,Yes,No,No,,,,2014,sldl,058,No
State House 2014,District 59,Republican,Yes,Yes,Yes,11925,19784,1155,2014,sldl,059,Yes
State House 2014,District 60,Democratic,Yes,No,No,,,,2014,sldl,060,No
State House 2014,District 61,Republican,Yes,Yes,No,9303,19030,,2014,sldl,061,Yes
State House 2014,District 62,Republican,Yes,Yes,No,11504,18841,,2014,sldl,062,Yes
State House 2014,District 63,Republican,Yes,Yes,No,9834,13041,,2014,sldl,063,Yes
State House 2014,District 64,Republican,No,Yes,No,,,,2014,sldl,064,No
State House 2014,District 65,Republican,Yes,Yes,No,8416,15808,,2014,sldl,065,Yes
State House 2014,District 66,Democratic,Yes,No,No,,,,2014,sldl,066,No
State House 2014,District 67,Republican,Yes,Yes,No,10367,15094,,2014,sldl,067,Yes
State House 2014,District 68,Republican,No,Yes,No,,,,2014,sldl,068,No
State House 2014,District 69,Republican,No,Yes,No,,,,2014,sldl,069,No
State House 2014,District 70,Republican,No,Yes,No,,,,2014,sldl,070,No
State House 2014,District 71,Democratic,Yes,Yes,No,12536,3824,,2014,sldl,071,Yes
State House 2014,District 72,Democratic,Yes,No,No,,,,2014,sldl,072,No
State House 2014,District 73,Republican,No,Yes,No,,,,2014,sldl,073,No
State House 2014,District 74,Republican,Yes,Yes,No,10351,17654,,2014,sldl,074,Yes
State House 2014,District 75,Republican,Yes,Yes,No,9857,16616,,2014,sldl,075,Yes
State House 2014,District 76,Republican,No,Yes,No,,,,2014,sldl,076,No
State House 2014,District 77,Republican,No,Yes,No,,,,2014,sldl,077,No
State House 2014,District 78,Republican,No,Yes,No,,,,2014,sldl,078,No
State House 2014,District 79,Republican,Yes,Yes,No,7811,18448,,2014,sldl,079,Yes
State House 2014,District 80,Republican,No,Yes,No,,,,2014,sldl,080,No
State House 2014,District 81,Republican,No,Yes,No,,,,2014,sldl,081,No
State House 2014,District 82,Republican,Yes,Yes,No,9404,13818,,2014,sldl,082,Yes
State House 2014,District 83,Republican,No,Yes,No,,,,2014,sldl,083,No
State House 2014,District 84,Republican,Yes,Yes,No,7487,15467,,2014,sldl,084,Yes
State House 2014,District 85,Republican,Yes,Yes,No,5188,15467,,2014,sldl,085,Yes
State House 2014,District 86,Republican,Yes,Yes,No,7926,13970,,2014,sldl,086,Yes
State House 2014,District 87,Republican,No,Yes,No,,,,2014,sldl,087,No
State House 2014,District 88,Republican,Yes,Yes,No,11805,14644,,2014,sldl,088,Yes
State House 2014,District 89,Republican,No,Yes,No,,,,2014,sldl,089,No
State House 2014,District 90,Republican,Yes,Yes,No,6251,13440,,2014,sldl,090,Yes
State House 2014,District 91,Republican,No,Yes,No,,,,2014,sldl,091,No
State House 2014,District 92,Republican,Yes,Yes,No,10621,11757,,2014,sldl,092,Yes
State House 2014,District 93,Republican,Yes,Yes,No,12274,13886,,2014,sldl,093,Yes
State House 2014,District 94,Republican,No,Yes,No,,,,2014,sldl,094,No
State House 2014,District 95,Republican,No,Yes,No,,,,2014,sldl,095,No
State House 2014,District 96,Republican,Yes,Yes,No,7196,14771,,2014,sldl,096,Yes
State House 2014,District 97,Republican,Yes,Yes,No,6898,16604,,2014,sldl,097,Yes
State House 2014,District 98,Republican,Yes,Yes,No,11922,14558,,2014,sldl,098,Yes
State House 2014,District 99,Democratic,Yes,No,No,,,,2014,sldl,099,No
State House 2014,District 100,Democratic,Yes,No,No,,,,2014,sldl,100,No
State House 2014,District 101,Democratic,Yes,No,No,,,,2014,sldl,101,No
State House 2014,District 102,Democratic,Yes,No,No,,,,2014,sldl,102,No
State House 2014,District 103,Republican,No,Yes,No,,,,2014,sldl,103,No
State House 2014,District 104,Republican,No,Yes,Yes,,18576,6266,2014,sldl,104,No
State House 2014,District 105,Republican,No,Yes,No,,,,2014,sldl,105,No
State House 2014,District 106,Democratic,Yes,Yes,No,12942,1996,,2014,sldl,106,Yes
State House 2014,District 107,Democratic,Yes,No,No,,,,2014,sldl,107,No
State House 2014,District 108,Republican,No,Yes,No,,,,2014,sldl,108,No
State House 2014,District 109,Republican,No,Yes,No,,,,2014,sldl,109,No
State House 2014,District 110,Republican,No,Yes,No,,,,2014,sldl,110,No
State House 2014,District 111,Republican,No,Yes,No,,,,2014,sldl,111,No
State House 2014,District 112,Republican,Yes,Yes,No,8997,12722,,2014,sldl,112,Yes
State House 2014,District 113,Republican,Yes,Yes,No,11379,19594,,2014,sldl,113,Yes
State House 2014,District 114,Democratic,Yes,No,No,,,,2014,sldl,114,No
State House 2014,District 115,Democratic,Yes,Yes,No,15523,15027,,2014,sldl,115,Yes
State House 2014,District 116,Democratic,Yes,Yes,No,13298,12321,,2014,sldl,116,Yes
State House 2014,District 117,Republican,No,Yes,Yes,,17292,5838,2014,sldl,117,No
State House 2014,District 118,Republican,Yes,Yes,No,13169,13858,,2014,sldl,118,Yes
State House 2014,District 119,Democratic,Yes,Yes,No,11777,10623,,2014,sldl,119,Yes
State House 2014,District 120,Republican,No,Yes,No,,,,2014,sldl,120,No
State Senate 2014,District 1,Republican,Yes,Yes,No,27957,32143,,2014,sldu,01,Yes
State Senate 2014,District 2,Republican,Yes,Yes,No,23925,36562,,2014,sldu,02,Yes
State Senate 2014,District 3,Democratic,Yes,No,No,,,,2014,sldu,03,No
State Senate 2014,District 4,Democratic,Yes,Yes,No,37590,19796,,2014,sldu,04,Yes
State Senate 2014,District 5,Democratic,Yes,No,No,,,,2014,sldu,05,No
State Senate 2014,District 6,Republican,No,Yes,No,,,,2014,sldu,06,No
State Senate 2014,District 7,Republican,Yes,Yes,No,16924,37323,,2014,sldu,07,Yes
State Senate 2014,District 8,Republican,Yes,Yes,No,29707,39402,,2014,sldu,08,Yes
State Senate 2014,District 9,Republican,Yes,Yes,No,28637,35517,,2014,sldu,09,Yes
State Senate 2014,District 10,Republican,Yes,Yes,No,18779,31239,,2014,sldu,10,Yes
State Senate 2014,District 11,Republican,No,Yes,No,,,,2014,sldu,11,No
State Senate 2014,District 12,Republican,Yes,Yes,No,21169,26903,,2014,sldu,12,Yes
State Senate 2014,District 13,Democratic,Yes,Yes,No,24076,14276,,2014,sldu,13,Yes
State Senate 2014,District 14,Democratic,Yes,No,No,,,,2014,sldu,14,No
State Senate 2014,District 15,Republican,Yes,Yes,No,40665,41366,,2014,sldu,15,Yes
State Senate 2014,District 16,Democratic,Yes,Yes,No,42422,20791,,2014,sldu,16,Yes
State Senate 2014,District 17,Republican,Yes,Yes,No,31476,44292,,2014,sldu,17,Yes
State Senate 2014,District 18,Republican,Yes,Yes,No,30861,34646,,2014,sldu,18,Yes
State Senate 2014,District 19,Republican,Yes,Yes,No,19781,23636,,2014,sldu,19,Yes
State Senate 2014,District 20,Democratic,Yes,No,No,,,,2014,sldu,20,No
State Senate 2014,District 21,Democratic,Yes,No,No,,,,2014,sldu,21,No
State Senate 2014,District 22,Democratic,Yes,Yes,No,47978,23491,,2014,sldu,22,Yes
State Senate 2014,District 23,Democratic,Yes,Yes,No,53652,25021,,2014,sldu,23,Yes
State Senate 2014,District 24,Republican,No,Yes,No,,,,2014,sldu,24,No
State Senate 2014,District 25,Republican,Yes,Yes,Yes,26632,28496,1412,2014,sldu,25,Yes
State Senate 2014,District 26,Republican,Yes,Yes,No,27845,40352,,2014,sldu,26,Yes
State Senate 2014,District 27,Republican,No,Yes,No,,,,2014,sldu,27,No
State Senate 2014,District 28,Democratic,Yes,No,No,,,,2014,sldu,28,No
State Senate 2014,District 29,Republican,Yes,Yes,No,16901,41100,,2014,sldu,29,Yes
State Senate 2014,District 30,Republican,Yes,Yes,No,14572,35783,,2014,sldu,30,Yes
State Senate 2014,District 31,Republican,Yes,Yes,No,24922,45915,,2014,sldu,31,Yes
State Senate 2014,District 32,Democratic,Yes,No,No,,,,2014,sldu,32,No
State Senate 2014,District 33,Republican,No,Yes,No,,,,2014,sldu,33,No
State Senate 2014,District 34,Republican,Yes,Yes,No,19533,38010,,2014,sldu,34,Yes
State Senate 2014,District 35,Republican,No,Yes,No,,,,2014,sldu,35,No
State Senate 2014,District 36,Republican,No,Yes,No,,,,2014,sldu,36,No
State Senate 2014,District 37,Democratic,Yes,No,No,,,,2014,sldu,37,No
State Senate 2014,District 38,Democratic,Yes,Yes,No,35366,9003,,2014,sldu,38,Yes
State Senate 2014,District 39,Republican,No,Yes,No,,,,2014,sldu,39,No
State Senate 2014,District 40,Democratic,Yes,No,No,,,,2014,sldu,40,No
State Senate 2014,District 41,Republican,Yes,Yes,No,23255,35572,,2014,sldu,41,Yes
State Senate 2014,District 42,Republican,No,Yes,Yes,,31869,21703,2014,sldu,42,No
State Senate 2014,District 43,Republican,No,Yes,No,,,,2014,sldu,43,No
State Senate 2014,District 44,Republican,No,Yes,No,,,,2014,sldu,44,No
State Senate 2014,District 45,Republican,Yes,Yes,No,21941,33165,,2014,sldu,45,Yes
State Senate 2014,District 46,Republican,Yes,Yes,No,21363,30373,,2014,sldu,46,Yes
State Senate 2014,District 47,Republican,No,Yes,No,,,,2014,sldu,47,No
State Senate 2014,District 48,Republican,Yes,Yes,No,27925,37664,,2014,sldu,48,Yes
State Senate 2014,District 49,Democratic,Yes,Yes,No,42347,26745,,2014,sldu,49,Yes
State Senate 2014,District 50,Republican,Yes,Yes,No,28974,33820,,2014,sldu,50,Yes
State Senate 2012,District 1,Republican,Yes,Yes,No,43714,43735,,2012,sldu,01,Yes
State Senate 2012,District 2,Republican,Yes,Yes,No,31479,53873,,2012,sldu,02,Yes
State Senate 2012,District 3,Democratic,Yes,No,No,65851,,,2012,sldu,03,No
State Senate 2012,District 4,Democratic,Yes,Yes,No,63666,24363,,2012,sldu,04,Yes
State Senate 2012,District 5,Democratic,Yes,No,No,59648,,,2012,sldu,05,No
State Senate 2012,District 6,Republican,No,Yes,No,,38572,,2012,sldu,06,No
State Senate 2012,District 7,Republican,No,Yes,No,,60120,,2012,sldu,07,No
State Senate 2012,District 8,Republican,Yes,Yes,No,39919,58282,,2012,sldu,08,Yes
State Senate 2012,District 9,Republican,Yes,Yes,No,44817,52955,,2012,sldu,09,Yes
State Senate 2012,District 10,Republican,No,Yes,No,,48772,,2012,sldu,10,No
State Senate 2012,District 11,Republican,Yes,Yes,No,34291,53127,,2012,sldu,11,Yes
State Senate 2012,District 12,Republican,Yes,Yes,No,36337,37809,,2012,sldu,12,Yes
State Senate 2012,District 13,Democratic,Yes,Yes,No,46974,17770,,2012,sldu,13,Yes
State Senate 2012,District 14,Democratic,Yes,No,No,72652,,,2012,sldu,14,No
State Senate 2012,District 15,Republican,Yes,Yes,No,40050,61981,,2012,sldu,15,Yes
State Senate 2012,District 16,Democratic,Yes,No,No,69405,,,2012,sldu,16,No
State Senate 2012,District 17,Republican,Yes,Yes,No,49298,57101,,2012,sldu,17,Yes
State Senate 2012,District 18,Republican,Yes,Yes,No,40897,51873,,2012,sldu,18,Yes
State Senate 2012,District 19,Republican,Yes,Yes,No,31936,37308,,2012,sldu,19,Yes
State Senate 2012,District 20,Democratic,Yes,No,No,75673,,,2012,sldu,20,No
State Senate 2012,District 21,Democratic,Yes,No,No,57805,,,2012,sldu,21,No
State Senate 2012,District 22,Democratic,Yes,Yes,No,67484,35730,,2012,sldu,22,Yes
State Senate 2012,District 23,Democratic,Yes,Yes,No,71919,35467,,2012,sldu,23,Yes
State Senate 2012,District 24,Republican,No,Yes,Yes,,51230,13605,2012,sldu,24,No
State Senate 2012,District 25,Democratic,Yes,Yes,No,44560,39506,,2012,sldu,25,Yes
State Senate 2012,District 26,Republican,Yes,Yes,No,37092,58276,,2012,sldu,26,Yes
State Senate 2012,District 27,Republican,Yes,Yes,No,41870,56865,,2012,sldu,27,Yes
State Senate 2012,District 28,Democratic,Yes,No,No,80689,,,2012,sldu,28,No
State Senate 2012,District 29,Republican,No,Yes,No,,65000,,2012,sldu,29,No
State Senate 2012,District 30,Republican,Yes,Yes,No,27416,49417,,2012,sldu,30,Yes
State Senate 2012,District 31,Republican,Yes,Yes,No,32298,71806,,2012,sldu,31,Yes
State Senate 2012,District 32,Democratic,Yes,Yes,No,57803,21387,,2012,sldu,32,Yes
State Senate 2012,District 35,Republican,No,Yes,No,,61664,,2012,sldu,35,No
State Senate 2012,District 34,Republican,No,Yes,No,,62728,,2012,sldu,34,No
State Senate 2012,District 35,Republican,No,Yes,No,,62213,,2012,sldu,35,No
State Senate 2012,District 36,Republican,No,Yes,No,,60957,,2012,sldu,36,No
State Senate 2012,District 37,Democratic,Yes,Yes,No,51376,25325,,2012,sldu,37,Yes
State Senate 2012,District 38,Democratic,Yes,Yes,No,65715,16214,,2012,sldu,38,Yes
State Senate 2012,District 39,Republican,Yes,Yes,No,38025,61006,,2012,sldu,39,Yes
State Senate 2012,District 40,Democratic,Yes,Yes,No,63925,12075,,2012,sldu,40,Yes
State Senate 2012,District 41,Republican,No,Yes,No,,64153,,2012,sldu,41,No
State Senate 2012,District 42,Republican,Yes,Yes,No,29757,54128,,2012,sldu,42,Yes
State Senate 2012,District 43,Republican,No,Yes,No,,57752,,2012,sldu,43,No
State Senate 2012,District 44,Republican,Yes,Yes,No,31197,60167,,2012,sldu,44,Yes
State Senate 2012,District 45,Republican,Yes,Yes,No,32913,50848,,2012,sldu,45,Yes
State Senate 2012,District 46,Republican,Yes,Yes,Yes,32409,43904,2144,2012,sldu,46,Yes
State Senate 2012,District 47,Republican,Yes,Yes,No,35799,46415,,2012,sldu,47,Yes
State Senate 2012,District 48,Republican,No,Yes,No,,62736,,2012,sldu,48,No
State Senate 2012,District 49,Democratic,Yes,Yes,No,61826,37953,,2012,sldu,49,Yes
State Senate 2012,District 50,Republican,Yes,Yes,No,37873,50421,,2012,sldu,50,Yes
U.S. House of Representatives 2012,District 1,,Yes,Yes,,,,,2012,ushouse,01,Yes
U.S. House of Representatives 2012,District 2,,Yes,Yes,,,,,2012,ushouse,02,Yes
U.S. House of Representatives 2012,District 3,,Yes,Yes,,,,,2012,ushouse,03,Yes
U.S. House of Representatives 2012,District 4,,Yes,Yes,,,,,2012,ushouse,04,Yes
U.S. House of Representatives 2012,District 5,,Yes,Yes,,,,,2012,ushouse,05,Yes
U.S. House of Representatives 2012,District 6,,Yes,Yes,,,,,2012,ushouse,06,Yes
U.S. House of Representatives 2012,District 7,,Yes,Yes,,,,,2012,ushouse,07,Yes
U.S. House of Representatives 2012,District 8,,Yes,Yes,,,,,2012,ushouse,08,Yes
U.S. House of Representatives 2012,District 9,,Yes,Yes,,,,,2012,ushouse,09,Yes
U.S. House of Representatives 2012,District 10,,Yes,Yes,,,,,2012,ushouse,10,Yes
U.S. House of Representatives 2012,District 11,,Yes,Yes,,,,,2012,ushouse,11,Yes
U.S. House of Representatives 2012,District 12,,Yes,Yes,,,,,2012,ushouse,12,Yes
U.S. House of Representatives 2012,District 13,,Yes,Yes,,,,,2012,ushouse,13,Yes
U.S. House of Representatives 2014,District 1,,Yes,Yes,,,,,2014,ushouse,01,Yes
U.S. House of Representatives 2014,District 2,,Yes,Yes,,,,,2014,ushouse,02,Yes
U.S. House of Representatives 2014,District 3,,Yes,Yes,,,,,2014,ushouse,03,Yes
U.S. House of Representatives 2014,District 4,,Yes,Yes,,,,,2014,ushouse,04,Yes
U.S. House of Representatives 2014,District 5,,Yes,Yes,,,,,2014,ushouse,05,Yes
U.S. House of Representatives 2014,District 6,,Yes,Yes,,,,,2014,ushouse,06,Yes
U.S. House of Representatives 2014,District 7,,Yes,Yes,,,,,2014,ushouse,07,Yes
U.S. House of Representatives 2014,District 8,,Yes,Yes,,,,,2014,ushouse,08,Yes
U.S. House of Representatives 2014,District 9,,Yes,Yes,,,,,2014,ushouse,09,No
U.S. House of Representatives 2014,District 10,,Yes,Yes,,,,,2014,ushouse,10,Yes
U.S. House of Representatives 2014,District 11,,Yes,Yes,,,,,2014,ushouse,11,Yes
U.S. House of Representatives 2014,District 12,,Yes,Yes,,,,,2014,ushouse,12,Yes
U.S. House of Representatives 2014,District 13,,Yes,Yes,,,,,2014,ushouse,13,Yes
